<?xml version="1.0" encoding="utf-8" ?><passengers><passenger><name>小白</name><id_card_num>420621199406231292</id_card_num></passenger><passenger><name>小白</name><id_card_num>420621199406231292</id_card_num></passenger><passenger><name>小白</name><id_card_num>420621199406231292</id_card_num></passenger><passenger><name>小白</name><id_card_num>420621199406231292</id_card_num></passenger><passenger><name>小白</name><id_card_num>420621199406231292</id_card_num></passenger><passenger><name>小白</name><id_card_num>420621199406231292</id_card_num></passenger><passenger><name>小白</name><id_card_num>420621199406231292</id_card_num></passenger><passenger><name>小白</name><id_card_num>420621199406231292</id_card_num></passenger><passenger><name>小白</name><id_card_num>420621199406231292</id_card_num></passenger><passenger><name>小白</name><id_card_num>420621199406231292</id_card_num></passenger></passengers>