<?xml version="1.0" encoding="utf-8" ?><tickets><ticket><date>2018-10-11</date><start>start</start><end_to>end</end_to><train_number>z23</train_number><name>小白</name><id_card_num>420621199406231292</id_card_num></ticket><ticket><date>2018-10-11</date><start>start</start><end_to>end</end_to><train_number>z23</train_number><name>小白</name><id_card_num>420621199406231292</id_card_num></ticket><ticket><date>2018-10-11</date><start>start</start><end_to>end</end_to><train_number>z23</train_number><name>小白</name><id_card_num>420621199406231292</id_card_num></ticket><ticket><date>2018-10-11</date><start>start</start><end_to>end</end_to><train_number>z23</train_number><name>小白</name><id_card_num>420621199406231292</id_card_num></ticket><ticket><date>2018-09-11</date><start>广州</start><end_to>深圳</end_to><train_number>Z23</train_number><name>小白</name><id_card_num>420621199406231292</id_card_num></ticket><ticket><date>2018-09-11</date><start>广州</start><end_to>深圳</end_to><train_number>Z23</train_number><name>小白</name><id_card_num>420621199406231292</id_card_num></ticket><ticket><date>2018-09-11</date><start>广州</start><end_to>深圳</end_to><train_number>Z23</train_number><name>小白</name><id_card_num>420621199406231292</id_card_num></ticket><ticket><date>2018-09-11</date><start>广州</start><end_to>深圳</end_to><train_number>Z23</train_number><name>小白</name><id_card_num>420621199406231292</id_card_num></ticket><ticket><date>2018-09-11</date><start>广州</start><end_to>深圳</end_to><train_number>Z23</train_number><name>小白</name><id_card_num>420621199406231292</id_card_num></ticket><ticket><date>2018-09-11</date><start>广州</start><end_to>深圳</end_to><train_number>Z23</train_number><name>小白</name><id_card_num>420621199406231292</id_card_num></ticket></tickets>